"","bin_val","Start","End","bin","Var2","Freq","Var1.1","Var2.1","Freq.1"
"1",13,2010-07-12,2010-07-27,"ndvi.13","buffalo",8,"13","0",227
"2",13,2010-07-12,2010-07-27,"ndvi.13","topi",14,"13","1",0
"3",13,2010-07-12,2010-07-27,"ndvi.13","zebra",11,"13","1",0
"4",13,2010-07-12,2010-07-27,"ndvi.13","wildebeest",2,"13","0",227
"5",13,2010-07-12,2010-07-27,"ndvi.13","hartebeest",7,"13","0",227
"6",13,2010-07-12,2010-07-27,"ndvi.13","gazelleThomsons",185,"13","1",0
"7",14,2010-07-28,2010-08-12,"ndvi.14","buffalo",3,"14","0",552
"8",14,2010-07-28,2010-08-12,"ndvi.14","wildebeest",1,"14","0",552
"9",14,2010-07-28,2010-08-12,"ndvi.14","hartebeest",10,"14","0",552
"10",14,2010-07-28,2010-08-12,"ndvi.14","topi",12,"14","1",1
"11",14,2010-07-28,2010-08-12,"ndvi.14","gazelleThomsons",481,"14","1",1
"12",14,2010-07-28,2010-08-12,"ndvi.14","zebra",46,"14","1",1
"13",15,2010-08-13,2010-08-28,"ndvi.15","wildebeest",7,"15","0",626
"14",15,2010-08-13,2010-08-28,"ndvi.15","zebra",29,"15","1",1
"15",15,2010-08-13,2010-08-28,"ndvi.15","buffalo",21,"15","0",626
"16",15,2010-08-13,2010-08-28,"ndvi.15","hartebeest",14,"15","0",626
"17",15,2010-08-13,2010-08-28,"ndvi.15","gazelleThomsons",552,"15","1",1
"18",15,2010-08-13,2010-08-28,"ndvi.15","topi",4,"15","1",1
"19",16,2010-08-29,2010-09-13,"ndvi.16","gazelleThomsons",676,"16","1",4
"20",16,2010-08-29,2010-09-13,"ndvi.16","zebra",66,"16","1",4
"21",16,2010-08-29,2010-09-13,"ndvi.16","wildebeest",7,"16","0",819
"22",16,2010-08-29,2010-09-13,"ndvi.16","topi",12,"16","1",4
"23",16,2010-08-29,2010-09-13,"ndvi.16","hartebeest",47,"16","0",819
"24",16,2010-08-29,2010-09-13,"ndvi.16","buffalo",15,"16","0",819
"25",17,2010-09-14,2010-09-29,"ndvi.17","gazelleThomsons",1086,"17","1",6
"26",17,2010-09-14,2010-09-29,"ndvi.17","zebra",173,"17","1",6
"27",17,2010-09-14,2010-09-29,"ndvi.17","topi",24,"17","1",6
"28",17,2010-09-14,2010-09-29,"ndvi.17","wildebeest",11,"17","0",1393
"29",17,2010-09-14,2010-09-29,"ndvi.17","hartebeest",67,"17","0",1393
"30",17,2010-09-14,2010-09-29,"ndvi.17","buffalo",38,"17","0",1393
"31",18,2010-09-30,2010-10-15,"ndvi.18","gazelleThomsons",795,"18","1",10
"32",18,2010-09-30,2010-10-15,"ndvi.18","topi",30,"18","1",10
"33",18,2010-09-30,2010-10-15,"ndvi.18","zebra",284,"18","1",10
"34",18,2010-09-30,2010-10-15,"ndvi.18","wildebeest",19,"18","0",1252
"35",18,2010-09-30,2010-10-15,"ndvi.18","hartebeest",90,"18","0",1252
"36",18,2010-09-30,2010-10-15,"ndvi.18","buffalo",44,"18","0",1252
"37",19,2010-10-16,2010-10-31,"ndvi.19","gazelleThomsons",575,"19","1",9
"38",19,2010-10-16,2010-10-31,"ndvi.19","zebra",302,"19","1",9
"39",19,2010-10-16,2010-10-31,"ndvi.19","wildebeest",28,"19","0",1040
"40",19,2010-10-16,2010-10-31,"ndvi.19","hartebeest",87,"19","0",1040
"41",19,2010-10-16,2010-10-31,"ndvi.19","topi",18,"19","1",9
"42",19,2010-10-16,2010-10-31,"ndvi.19","buffalo",39,"19","0",1040
"43",20,2010-11-01,2010-11-16,"ndvi.20","gazelleThomsons",193,"20","1",1
"44",20,2010-11-01,2010-11-16,"ndvi.20","zebra",55,"20","1",1
"45",20,2010-11-01,2010-11-16,"ndvi.20","wildebeest",9,"20","0",296
"46",20,2010-11-01,2010-11-16,"ndvi.20","topi",2,"20","1",1
"47",20,2010-11-01,2010-11-16,"ndvi.20","hartebeest",26,"20","0",296
"48",20,2010-11-01,2010-11-16,"ndvi.20","buffalo",12,"20","0",296
"49",26,2011-02-02,2011-02-17,"ndvi.26","gazelleThomsons",8,"26","1",9
"50",26,2011-02-02,2011-02-17,"ndvi.26","zebra",42,"26","1",9
"51",26,2011-02-02,2011-02-17,"ndvi.26","topi",0,"26","1",9
"52",26,2011-02-02,2011-02-17,"ndvi.26","wildebeest",29,"26","0",96
"53",26,2011-02-02,2011-02-17,"ndvi.26","hartebeest",5,"26","0",96
"54",26,2011-02-02,2011-02-17,"ndvi.26","buffalo",21,"26","0",96
"55",27,2011-02-18,2011-03-05,"ndvi.27","gazelleThomsons",213,"27","1",9
"56",27,2011-02-18,2011-03-05,"ndvi.27","topi",16,"27","1",9
"57",27,2011-02-18,2011-03-05,"ndvi.27","zebra",452,"27","1",9
"58",27,2011-02-18,2011-03-05,"ndvi.27","wildebeest",95,"27","0",935
"59",27,2011-02-18,2011-03-05,"ndvi.27","hartebeest",85,"27","0",935
"60",27,2011-02-18,2011-03-05,"ndvi.27","buffalo",83,"27","0",935
"61",28,2011-03-06,2011-03-21,"ndvi.28","gazelleThomsons",136,"28","1",65
"62",28,2011-03-06,2011-03-21,"ndvi.28","zebra",1270,"28","1",65
"63",28,2011-03-06,2011-03-21,"ndvi.28","wildebeest",509,"28","0",2126
"64",28,2011-03-06,2011-03-21,"ndvi.28","hartebeest",128,"28","0",2126
"65",28,2011-03-06,2011-03-21,"ndvi.28","topi",37,"28","1",65
"66",28,2011-03-06,2011-03-21,"ndvi.28","buffalo",111,"28","0",2126
"67",29,2011-03-22,2011-04-06,"ndvi.29","gazelleThomsons",47,"29","1",10
"68",29,2011-03-22,2011-04-06,"ndvi.29","zebra",344,"29","1",10
"69",29,2011-03-22,2011-04-06,"ndvi.29","wildebeest",156,"29","0",731
"70",29,2011-03-22,2011-04-06,"ndvi.29","topi",12,"29","1",10
"71",29,2011-03-22,2011-04-06,"ndvi.29","hartebeest",53,"29","0",731
"72",29,2011-03-22,2011-04-06,"ndvi.29","buffalo",129,"29","0",731
"73",30,2011-04-07,2011-04-22,"ndvi.30","hartebeest",63,"30","0",524
"74",30,2011-04-07,2011-04-22,"ndvi.30","zebra",180,"30","1",8
"75",30,2011-04-07,2011-04-22,"ndvi.30","topi",59,"30","1",8
"76",30,2011-04-07,2011-04-22,"ndvi.30","gazelleThomsons",51,"30","1",8
"77",30,2011-04-07,2011-04-22,"ndvi.30","wildebeest",85,"30","0",524
"78",30,2011-04-07,2011-04-22,"ndvi.30","buffalo",94,"30","0",524
"79",31,2011-04-23,2011-05-08,"ndvi.31","gazelleThomsons",161,"31","1",5
"80",31,2011-04-23,2011-05-08,"ndvi.31","buffalo",86,"31","0",673
"81",31,2011-04-23,2011-05-08,"ndvi.31","zebra",170,"31","1",5
"82",31,2011-04-23,2011-05-08,"ndvi.31","hartebeest",75,"31","0",673
"83",31,2011-04-23,2011-05-08,"ndvi.31","wildebeest",162,"31","0",673
"84",31,2011-04-23,2011-05-08,"ndvi.31","topi",24,"31","1",5
"85",32,2011-05-09,2011-05-24,"ndvi.32","gazelleThomsons",230,"32","1",84
"86",32,2011-05-09,2011-05-24,"ndvi.32","zebra",1014,"32","1",84
"87",32,2011-05-09,2011-05-24,"ndvi.32","hartebeest",58,"32","0",2832
"88",32,2011-05-09,2011-05-24,"ndvi.32","buffalo",88,"32","0",2832
"89",32,2011-05-09,2011-05-24,"ndvi.32","wildebeest",1511,"32","0",2832
"90",32,2011-05-09,2011-05-24,"ndvi.32","topi",15,"32","1",84
"91",33,2011-05-25,2011-06-09,"ndvi.33","hartebeest",148,"33","0",1637
"92",33,2011-05-25,2011-06-09,"ndvi.33","wildebeest",110,"33","0",1637
"93",33,2011-05-25,2011-06-09,"ndvi.33","topi",28,"33","1",17
"94",33,2011-05-25,2011-06-09,"ndvi.33","buffalo",46,"33","0",1637
"95",33,2011-05-25,2011-06-09,"ndvi.33","zebra",589,"33","1",17
"96",33,2011-05-25,2011-06-09,"ndvi.33","gazelleThomsons",733,"33","1",17
"97",34,2011-06-10,2011-06-25,"ndvi.34","hartebeest",87,"34","0",990
"98",34,2011-06-10,2011-06-25,"ndvi.34","topi",16,"34","1",5
"99",34,2011-06-10,2011-06-25,"ndvi.34","zebra",118,"34","1",5
"100",34,2011-06-10,2011-06-25,"ndvi.34","wildebeest",41,"34","0",990
"101",34,2011-06-10,2011-06-25,"ndvi.34","gazelleThomsons",704,"34","1",5
"102",34,2011-06-10,2011-06-25,"ndvi.34","buffalo",29,"34","0",990
"103",35,2011-06-26,2011-07-11,"ndvi.35","topi",16,"35","1",21
"104",35,2011-06-26,2011-07-11,"ndvi.35","gazelleThomsons",420,"35","1",21
"105",35,2011-06-26,2011-07-11,"ndvi.35","hartebeest",52,"35","0",1485
"106",35,2011-06-26,2011-07-11,"ndvi.35","buffalo",59,"35","0",1485
"107",35,2011-06-26,2011-07-11,"ndvi.35","zebra",589,"35","1",21
"108",35,2011-06-26,2011-07-11,"ndvi.35","wildebeest",370,"35","0",1485
"109",36,2011-07-12,2011-07-27,"ndvi.36","topi",18,"36","1",16
"110",36,2011-07-12,2011-07-27,"ndvi.36","gazelleThomsons",516,"36","1",16
"111",36,2011-07-12,2011-07-27,"ndvi.36","hartebeest",93,"36","0",1090
"112",36,2011-07-12,2011-07-27,"ndvi.36","buffalo",41,"36","0",1090
"113",36,2011-07-12,2011-07-27,"ndvi.36","zebra",382,"36","1",16
"114",36,2011-07-12,2011-07-27,"ndvi.36","wildebeest",56,"36","0",1090
"115",37,2011-07-28,2011-08-12,"ndvi.37","topi",3,"37","1",1
"116",37,2011-07-28,2011-08-12,"ndvi.37","hartebeest",13,"37","0",114
"117",37,2011-07-28,2011-08-12,"ndvi.37","gazelleThomsons",29,"37","1",1
"118",37,2011-07-28,2011-08-12,"ndvi.37","zebra",40,"37","1",1
"119",37,2011-07-28,2011-08-12,"ndvi.37","wildebeest",16,"37","0",114
"120",37,2011-07-28,2011-08-12,"ndvi.37","buffalo",14,"37","0",114
"121",39,2011-08-29,2011-09-13,"ndvi.39","topi",19,"39","1",2
"122",39,2011-08-29,2011-09-13,"ndvi.39","gazelleThomsons",309,"39","1",2
"123",39,2011-08-29,2011-09-13,"ndvi.39","zebra",41,"39","1",2
"124",39,2011-08-29,2011-09-13,"ndvi.39","hartebeest",18,"39","0",405
"125",39,2011-08-29,2011-09-13,"ndvi.39","buffalo",16,"39","0",405
"126",39,2011-08-29,2011-09-13,"ndvi.39","wildebeest",4,"39","0",405
"127",40,2011-09-14,2011-09-29,"ndvi.40","topi",25,"40","1",24
"128",40,2011-09-14,2011-09-29,"ndvi.40","gazelleThomsons",492,"40","1",24
"129",40,2011-09-14,2011-09-29,"ndvi.40","hartebeest",66,"40","0",1221
"130",40,2011-09-14,2011-09-29,"ndvi.40","buffalo",60,"40","0",1221
"131",40,2011-09-14,2011-09-29,"ndvi.40","zebra",574,"40","1",24
"132",40,2011-09-14,2011-09-29,"ndvi.40","wildebeest",28,"40","0",1221
"133",41,2011-09-30,2011-10-15,"ndvi.41","topi",31,"41","1",15
"134",41,2011-09-30,2011-10-15,"ndvi.41","gazelleThomsons",454,"41","1",15
"135",41,2011-09-30,2011-10-15,"ndvi.41","hartebeest",59,"41","0",1126
"136",41,2011-09-30,2011-10-15,"ndvi.41","buffalo",85,"41","0",1126
"137",41,2011-09-30,2011-10-15,"ndvi.41","zebra",425,"41","1",15
"138",41,2011-09-30,2011-10-15,"ndvi.41","wildebeest",87,"41","0",1126
"139",42,2011-10-16,2011-10-31,"ndvi.42","topi",20,"42","1",22
"140",42,2011-10-16,2011-10-31,"ndvi.42","hartebeest",121,"42","0",1375
"141",42,2011-10-16,2011-10-31,"ndvi.42","gazelleThomsons",595,"42","1",22
"142",42,2011-10-16,2011-10-31,"ndvi.42","zebra",434,"42","1",22
"143",42,2011-10-16,2011-10-31,"ndvi.42","wildebeest",114,"42","0",1375
"144",42,2011-10-16,2011-10-31,"ndvi.42","buffalo",113,"42","0",1375
"145",43,2011-11-01,2011-11-16,"ndvi.43","topi",26,"43","1",139
"146",43,2011-11-01,2011-11-16,"ndvi.43","gazelleThomsons",164,"43","1",139
"147",43,2011-11-01,2011-11-16,"ndvi.43","zebra",1551,"43","1",139
"148",43,2011-11-01,2011-11-16,"ndvi.43","hartebeest",121,"43","0",3788
"149",43,2011-11-01,2011-11-16,"ndvi.43","buffalo",118,"43","0",3788
"150",43,2011-11-01,2011-11-16,"ndvi.43","wildebeest",1947,"43","0",3788
"151",44,2011-11-17,2011-12-02,"ndvi.44","zebra",883,"44","1",50
"152",44,2011-11-17,2011-12-02,"ndvi.44","topi",20,"44","1",50
"153",44,2011-11-17,2011-12-02,"ndvi.44","hartebeest",71,"44","0",2061
"154",44,2011-11-17,2011-12-02,"ndvi.44","wildebeest",1011,"44","0",2061
"155",44,2011-11-17,2011-12-02,"ndvi.44","gazelleThomsons",24,"44","1",50
"156",44,2011-11-17,2011-12-02,"ndvi.44","buffalo",102,"44","0",2061
"157",45,2011-12-03,2011-12-18,"ndvi.45","gazelleThomsons",9,"45","1",4
"158",45,2011-12-03,2011-12-18,"ndvi.45","zebra",73,"45","1",4
"159",45,2011-12-03,2011-12-18,"ndvi.45","hartebeest",73,"45","0",306
"160",45,2011-12-03,2011-12-18,"ndvi.45","buffalo",109,"45","0",306
"161",45,2011-12-03,2011-12-18,"ndvi.45","wildebeest",22,"45","0",306
"162",45,2011-12-03,2011-12-18,"ndvi.45","topi",24,"45","1",4
"163",46,2011-12-19,2011-12-31,"ndvi.46","gazelleThomsons",10,"46","1",0
"164",46,2011-12-19,2011-12-31,"ndvi.46","hartebeest",30,"46","0",249
"165",46,2011-12-19,2011-12-31,"ndvi.46","buffalo",105,"46","0",249
"166",46,2011-12-19,2011-12-31,"ndvi.46","zebra",62,"46","1",0
"167",46,2011-12-19,2011-12-31,"ndvi.46","wildebeest",27,"46","0",249
"168",46,2011-12-19,2011-12-31,"ndvi.46","topi",15,"46","1",0
"169",47,2012-01-01,2012-01-16,"ndvi.47","gazelleThomsons",3,"47","1",3
"170",47,2012-01-01,2012-01-16,"ndvi.47","buffalo",80,"47","0",296
"171",47,2012-01-01,2012-01-16,"ndvi.47","zebra",52,"47","1",3
"172",47,2012-01-01,2012-01-16,"ndvi.47","wildebeest",90,"47","0",296
"173",47,2012-01-01,2012-01-16,"ndvi.47","topi",13,"47","1",3
"174",47,2012-01-01,2012-01-16,"ndvi.47","hartebeest",61,"47","0",296
"175",48,2012-01-17,2012-02-01,"ndvi.48","topi",25,"48","1",1
"176",48,2012-01-17,2012-02-01,"ndvi.48","buffalo",50,"48","0",280
"177",48,2012-01-17,2012-02-01,"ndvi.48","zebra",11,"48","1",1
"178",48,2012-01-17,2012-02-01,"ndvi.48","hartebeest",115,"48","0",280
"179",48,2012-01-17,2012-02-01,"ndvi.48","wildebeest",55,"48","0",280
"180",48,2012-01-17,2012-02-01,"ndvi.48","gazelleThomsons",25,"48","1",1
"181",49,2012-02-02,2012-02-17,"ndvi.49","topi",18,"49","1",32
"182",49,2012-02-02,2012-02-17,"ndvi.49","hartebeest",80,"49","0",1846
"183",49,2012-02-02,2012-02-17,"ndvi.49","zebra",956,"49","1",32
"184",49,2012-02-02,2012-02-17,"ndvi.49","wildebeest",425,"49","0",1846
"185",49,2012-02-02,2012-02-17,"ndvi.49","gazelleThomsons",220,"49","1",32
"186",49,2012-02-02,2012-02-17,"ndvi.49","buffalo",179,"49","0",1846
"187",50,2012-02-18,2012-03-05,"ndvi.50","topi",19,"50","1",81
"188",50,2012-02-18,2012-03-05,"ndvi.50","hartebeest",98,"50","0",2147
"189",50,2012-02-18,2012-03-05,"ndvi.50","gazelleThomsons",261,"50","1",81
"190",50,2012-02-18,2012-03-05,"ndvi.50","zebra",933,"50","1",81
"191",50,2012-02-18,2012-03-05,"ndvi.50","buffalo",148,"50","0",2147
"192",50,2012-02-18,2012-03-05,"ndvi.50","wildebeest",769,"50","0",2147
"193",51,2012-03-06,2012-03-21,"ndvi.51","topi",23,"51","1",31
"194",51,2012-03-06,2012-03-21,"ndvi.51","hartebeest",62,"51","0",1662
"195",51,2012-03-06,2012-03-21,"ndvi.51","wildebeest",759,"51","0",1662
"196",51,2012-03-06,2012-03-21,"ndvi.51","gazelleThomsons",147,"51","1",31
"197",51,2012-03-06,2012-03-21,"ndvi.51","zebra",572,"51","1",31
"198",51,2012-03-06,2012-03-21,"ndvi.51","buffalo",130,"51","0",1662
"199",52,2012-03-22,2012-04-06,"ndvi.52","topi",30,"52","1",2
"200",52,2012-03-22,2012-04-06,"ndvi.52","hartebeest",137,"52","0",791
"201",52,2012-03-22,2012-04-06,"ndvi.52","zebra",215,"52","1",2
"202",52,2012-03-22,2012-04-06,"ndvi.52","gazelleThomsons",183,"52","1",2
"203",52,2012-03-22,2012-04-06,"ndvi.52","wildebeest",124,"52","0",791
"204",52,2012-03-22,2012-04-06,"ndvi.52","buffalo",104,"52","0",791
"205",53,2012-04-07,2012-04-22,"ndvi.53","topi",16,"53","1",50
"206",53,2012-04-07,2012-04-22,"ndvi.53","hartebeest",62,"53","0",1566
"207",53,2012-04-07,2012-04-22,"ndvi.53","zebra",491,"53","1",50
"208",53,2012-04-07,2012-04-22,"ndvi.53","wildebeest",890,"53","0",1566
"209",53,2012-04-07,2012-04-22,"ndvi.53","gazelleThomsons",58,"53","1",50
"210",53,2012-04-07,2012-04-22,"ndvi.53","buffalo",99,"53","0",1566
"211",54,2012-04-23,2012-05-08,"ndvi.54","topi",16,"54","1",5
"212",54,2012-04-23,2012-05-08,"ndvi.54","hartebeest",46,"54","0",434
"213",54,2012-04-23,2012-05-08,"ndvi.54","gazelleThomsons",28,"54","1",5
"214",54,2012-04-23,2012-05-08,"ndvi.54","zebra",211,"54","1",5
"215",54,2012-04-23,2012-05-08,"ndvi.54","buffalo",70,"54","0",434
"216",54,2012-04-23,2012-05-08,"ndvi.54","wildebeest",68,"54","0",434
"217",55,2012-05-09,2012-05-24,"ndvi.55","topi",6,"55","1",27
"218",55,2012-05-09,2012-05-24,"ndvi.55","hartebeest",43,"55","0",793
"219",55,2012-05-09,2012-05-24,"ndvi.55","wildebeest",537,"55","0",793
"220",55,2012-05-09,2012-05-24,"ndvi.55","gazelleThomsons",8,"55","1",27
"221",55,2012-05-09,2012-05-24,"ndvi.55","zebra",147,"55","1",27
"222",55,2012-05-09,2012-05-24,"ndvi.55","buffalo",79,"55","0",793
"223",56,2012-05-25,2012-06-09,"ndvi.56","topi",19,"56","1",26
"224",56,2012-05-25,2012-06-09,"ndvi.56","hartebeest",24,"56","0",1380
"225",56,2012-05-25,2012-06-09,"ndvi.56","zebra",314,"56","1",26
"226",56,2012-05-25,2012-06-09,"ndvi.56","gazelleThomsons",23,"56","1",26
"227",56,2012-05-25,2012-06-09,"ndvi.56","wildebeest",875,"56","0",1380
"228",56,2012-05-25,2012-06-09,"ndvi.56","buffalo",151,"56","0",1380
"229",57,2012-06-10,2012-06-25,"ndvi.57","topi",26,"57","1",46
"230",57,2012-06-10,2012-06-25,"ndvi.57","zebra",1072,"57","1",46
"231",57,2012-06-10,2012-06-25,"ndvi.57","hartebeest",34,"57","0",2191
"232",57,2012-06-10,2012-06-25,"ndvi.57","wildebeest",911,"57","0",2191
"233",57,2012-06-10,2012-06-25,"ndvi.57","gazelleThomsons",142,"57","1",46
"234",57,2012-06-10,2012-06-25,"ndvi.57","buffalo",52,"57","0",2191
"235",58,2012-06-26,2012-07-11,"ndvi.58","hartebeest",36,"58","0",1897
"236",58,2012-06-26,2012-07-11,"ndvi.58","topi",12,"58","1",44
"237",58,2012-06-26,2012-07-11,"ndvi.58","gazelleThomsons",576,"58","1",44
"238",58,2012-06-26,2012-07-11,"ndvi.58","zebra",819,"58","1",44
"239",58,2012-06-26,2012-07-11,"ndvi.58","buffalo",59,"58","0",1897
"240",58,2012-06-26,2012-07-11,"ndvi.58","wildebeest",439,"58","0",1897
"241",59,2012-07-12,2012-07-27,"ndvi.59","gazelleThomsons",457,"59","1",2
"242",59,2012-07-12,2012-07-27,"ndvi.59","buffalo",43,"59","0",701
"243",59,2012-07-12,2012-07-27,"ndvi.59","hartebeest",44,"59","0",701
"244",59,2012-07-12,2012-07-27,"ndvi.59","topi",25,"59","1",2
"245",59,2012-07-12,2012-07-27,"ndvi.59","zebra",96,"59","1",2
"246",59,2012-07-12,2012-07-27,"ndvi.59","wildebeest",38,"59","0",701
"247",60,2012-07-28,2012-08-12,"ndvi.60","gazelleThomsons",732,"60","1",0
"248",60,2012-07-28,2012-08-12,"ndvi.60","buffalo",63,"60","0",921
"249",60,2012-07-28,2012-08-12,"ndvi.60","wildebeest",25,"60","0",921
"250",60,2012-07-28,2012-08-12,"ndvi.60","hartebeest",63,"60","0",921
"251",60,2012-07-28,2012-08-12,"ndvi.60","zebra",18,"60","1",0
"252",60,2012-07-28,2012-08-12,"ndvi.60","topi",20,"60","1",0
"253",61,2012-08-13,2012-08-28,"ndvi.61","buffalo",54,"61","0",888
"254",61,2012-08-13,2012-08-28,"ndvi.61","zebra",13,"61","1",0
"255",61,2012-08-13,2012-08-28,"ndvi.61","wildebeest",42,"61","0",888
"256",61,2012-08-13,2012-08-28,"ndvi.61","gazelleThomsons",667,"61","1",0
"257",61,2012-08-13,2012-08-28,"ndvi.61","topi",25,"61","1",0
"258",61,2012-08-13,2012-08-28,"ndvi.61","hartebeest",87,"61","0",888
"259",62,2012-08-29,2012-09-13,"ndvi.62","wildebeest",17,"62","0",447
"260",62,2012-08-29,2012-09-13,"ndvi.62","buffalo",88,"62","0",447
"261",62,2012-08-29,2012-09-13,"ndvi.62","zebra",65,"62","1",5
"262",62,2012-08-29,2012-09-13,"ndvi.62","hartebeest",59,"62","0",447
"263",62,2012-08-29,2012-09-13,"ndvi.62","topi",30,"62","1",5
"264",62,2012-08-29,2012-09-13,"ndvi.62","gazelleThomsons",193,"62","1",5
"265",63,2012-09-14,2012-09-29,"ndvi.63","wildebeest",23,"63","0",502
"266",63,2012-09-14,2012-09-29,"ndvi.63","hartebeest",93,"63","0",502
"267",63,2012-09-14,2012-09-29,"ndvi.63","buffalo",70,"63","0",502
"268",63,2012-09-14,2012-09-29,"ndvi.63","gazelleThomsons",180,"63","1",2
"269",63,2012-09-14,2012-09-29,"ndvi.63","zebra",111,"63","1",2
"270",63,2012-09-14,2012-09-29,"ndvi.63","topi",27,"63","1",2
"271",64,2012-09-30,2012-10-15,"ndvi.64","wildebeest",26,"64","0",907
"272",64,2012-09-30,2012-10-15,"ndvi.64","zebra",347,"64","1",16
"273",64,2012-09-30,2012-10-15,"ndvi.64","hartebeest",61,"64","0",907
"274",64,2012-09-30,2012-10-15,"ndvi.64","topi",14,"64","1",16
"275",64,2012-09-30,2012-10-15,"ndvi.64","gazelleThomsons",409,"64","1",16
"276",64,2012-09-30,2012-10-15,"ndvi.64","buffalo",66,"64","0",907
"277",65,2012-10-16,2012-10-31,"ndvi.65","wildebeest",36,"65","0",1095
"278",65,2012-10-16,2012-10-31,"ndvi.65","hartebeest",68,"65","0",1095
"279",65,2012-10-16,2012-10-31,"ndvi.65","gazelleThomsons",572,"65","1",16
"280",65,2012-10-16,2012-10-31,"ndvi.65","zebra",334,"65","1",16
"281",65,2012-10-16,2012-10-31,"ndvi.65","topi",20,"65","1",16
"282",65,2012-10-16,2012-10-31,"ndvi.65","buffalo",81,"65","0",1095
"283",66,2012-11-01,2012-11-16,"ndvi.66","wildebeest",542,"66","0",1636
"284",66,2012-11-01,2012-11-16,"ndvi.66","zebra",768,"66","1",46
"285",66,2012-11-01,2012-11-16,"ndvi.66","hartebeest",47,"66","0",1636
"286",66,2012-11-01,2012-11-16,"ndvi.66","topi",20,"66","1",46
"287",66,2012-11-01,2012-11-16,"ndvi.66","gazelleThomsons",205,"66","1",46
"288",66,2012-11-01,2012-11-16,"ndvi.66","buffalo",100,"66","0",1636
"289",67,2012-11-17,2012-12-02,"ndvi.67","wildebeest",762,"67","0",1896
"290",67,2012-11-17,2012-12-02,"ndvi.67","hartebeest",96,"67","0",1896
"291",67,2012-11-17,2012-12-02,"ndvi.67","zebra",835,"67","1",59
"292",67,2012-11-17,2012-12-02,"ndvi.67","gazelleThomsons",131,"67","1",59
"293",67,2012-11-17,2012-12-02,"ndvi.67","topi",41,"67","1",59
"294",67,2012-11-17,2012-12-02,"ndvi.67","buffalo",90,"67","0",1896
"295",68,2012-12-03,2012-12-18,"ndvi.68","wildebeest",196,"68","0",936
"296",68,2012-12-03,2012-12-18,"ndvi.68","zebra",465,"68","1",22
"297",68,2012-12-03,2012-12-18,"ndvi.68","hartebeest",76,"68","0",936
"298",68,2012-12-03,2012-12-18,"ndvi.68","topi",19,"68","1",22
"299",68,2012-12-03,2012-12-18,"ndvi.68","gazelleThomsons",123,"68","1",22
"300",68,2012-12-03,2012-12-18,"ndvi.68","buffalo",79,"68","0",936
"301",69,2012-12-19,2012-12-31,"ndvi.69","zebra",174,"69","1",7
"302",69,2012-12-19,2012-12-31,"ndvi.69","hartebeest",29,"69","0",358
"303",69,2012-12-19,2012-12-31,"ndvi.69","gazelleThomsons",11,"69","1",7
"304",69,2012-12-19,2012-12-31,"ndvi.69","wildebeest",82,"69","0",358
"305",69,2012-12-19,2012-12-31,"ndvi.69","topi",9,"69","1",7
"306",69,2012-12-19,2012-12-31,"ndvi.69","buffalo",60,"69","0",358
"307",70,2013-01-01,2013-01-16,"ndvi.70","topi",12,"70","1",0
"308",70,2013-01-01,2013-01-16,"ndvi.70","hartebeest",50,"70","0",232
"309",70,2013-01-01,2013-01-16,"ndvi.70","wildebeest",16,"70","0",232
"310",70,2013-01-01,2013-01-16,"ndvi.70","zebra",78,"70","1",0
"311",70,2013-01-01,2013-01-16,"ndvi.70","gazelleThomsons",3,"70","1",0
"312",70,2013-01-01,2013-01-16,"ndvi.70","buffalo",73,"70","0",232
"313",71,2013-01-17,2013-02-01,"ndvi.71","hartebeest",40,"71","0",129
"314",71,2013-01-17,2013-02-01,"ndvi.71","topi",5,"71","1",0
"315",71,2013-01-17,2013-02-01,"ndvi.71","buffalo",57,"71","0",129
"316",71,2013-01-17,2013-02-01,"ndvi.71","gazelleThomsons",9,"71","1",0
"317",71,2013-01-17,2013-02-01,"ndvi.71","wildebeest",9,"71","0",129
"318",71,2013-01-17,2013-02-01,"ndvi.71","zebra",9,"71","1",0
"319",72,2013-02-02,2013-02-17,"ndvi.72","hartebeest",54,"72","0",323
"320",72,2013-02-02,2013-02-17,"ndvi.72","buffalo",71,"72","0",323
"321",72,2013-02-02,2013-02-17,"ndvi.72","gazelleThomsons",12,"72","1",2
"322",72,2013-02-02,2013-02-17,"ndvi.72","wildebeest",28,"72","0",323
"323",72,2013-02-02,2013-02-17,"ndvi.72","topi",41,"72","1",2
"324",72,2013-02-02,2013-02-17,"ndvi.72","zebra",119,"72","1",2
"325",73,2013-02-18,2013-03-05,"ndvi.73","buffalo",70,"73","0",1050
"326",73,2013-02-18,2013-03-05,"ndvi.73","hartebeest",71,"73","0",1050
"327",73,2013-02-18,2013-03-05,"ndvi.73","gazelleThomsons",65,"73","1",41
"328",73,2013-02-18,2013-03-05,"ndvi.73","wildebeest",526,"73","0",1050
"329",73,2013-02-18,2013-03-05,"ndvi.73","zebra",329,"73","1",41
"330",73,2013-02-18,2013-03-05,"ndvi.73","topi",30,"73","1",41
"331",74,2013-03-06,2013-03-21,"ndvi.74","buffalo",42,"74","0",614
"332",74,2013-03-06,2013-03-21,"ndvi.74","gazelleThomsons",93,"74","1",9
"333",74,2013-03-06,2013-03-21,"ndvi.74","wildebeest",98,"74","0",614
"334",74,2013-03-06,2013-03-21,"ndvi.74","zebra",304,"74","1",9
"335",74,2013-03-06,2013-03-21,"ndvi.74","hartebeest",43,"74","0",614
"336",74,2013-03-06,2013-03-21,"ndvi.74","topi",43,"74","1",9
"337",75,2013-03-22,2013-04-06,"ndvi.75","zebra",118,"75","1",2
"338",75,2013-03-22,2013-04-06,"ndvi.75","wildebeest",34,"75","0",272
"339",75,2013-03-22,2013-04-06,"ndvi.75","buffalo",44,"75","0",272
"340",75,2013-03-22,2013-04-06,"ndvi.75","gazelleThomsons",36,"75","1",2
"341",75,2013-03-22,2013-04-06,"ndvi.75","topi",19,"75","1",2
"342",75,2013-03-22,2013-04-06,"ndvi.75","hartebeest",23,"75","0",272
"343",76,2013-04-07,2013-04-22,"ndvi.76","zebra",193,"76","1",10
"344",76,2013-04-07,2013-04-22,"ndvi.76","hartebeest",31,"76","0",499
"345",76,2013-04-07,2013-04-22,"ndvi.76","gazelleThomsons",38,"76","1",10
"346",76,2013-04-07,2013-04-22,"ndvi.76","wildebeest",180,"76","0",499
"347",76,2013-04-07,2013-04-22,"ndvi.76","topi",18,"76","1",10
"348",76,2013-04-07,2013-04-22,"ndvi.76","buffalo",49,"76","0",499
"349",77,2013-04-23,2013-05-08,"ndvi.77","zebra",18,"77","1",0
"350",77,2013-04-23,2013-05-08,"ndvi.77","wildebeest",34,"77","0",187
"351",77,2013-04-23,2013-05-08,"ndvi.77","hartebeest",34,"77","0",187
"352",77,2013-04-23,2013-05-08,"ndvi.77","topi",13,"77","1",0
"353",77,2013-04-23,2013-05-08,"ndvi.77","buffalo",60,"77","0",187
"354",77,2013-04-23,2013-05-08,"ndvi.77","gazelleThomsons",28,"77","1",0
"355",78,2013-05-09,2013-05-24,"ndvi.78","zebra",153,"78","1",12
"356",78,2013-05-09,2013-05-24,"ndvi.78","hartebeest",29,"78","0",812
"357",78,2013-05-09,2013-05-24,"ndvi.78","wildebeest",560,"78","0",812
"358",78,2013-05-09,2013-05-24,"ndvi.78","buffalo",58,"78","0",812
"359",78,2013-05-09,2013-05-24,"ndvi.78","topi",3,"78","1",12
"360",78,2013-05-09,2013-05-24,"ndvi.78","gazelleThomsons",21,"78","1",12
"361",79,2013-05-25,2013-06-09,"ndvi.79","zebra",363,"79","1",8
"362",79,2013-05-25,2013-06-09,"ndvi.79","wildebeest",215,"79","0",813
"363",79,2013-05-25,2013-06-09,"ndvi.79","hartebeest",31,"79","0",813
"364",79,2013-05-25,2013-06-09,"ndvi.79","topi",17,"79","1",8
"365",79,2013-05-25,2013-06-09,"ndvi.79","buffalo",30,"79","0",813
"366",79,2013-05-25,2013-06-09,"ndvi.79","gazelleThomsons",165,"79","1",8
"367",80,2013-06-10,2013-06-25,"ndvi.80","zebra",218,"80","1",5
"368",80,2013-06-10,2013-06-25,"ndvi.80","hartebeest",56,"80","0",904
"369",80,2013-06-10,2013-06-25,"ndvi.80","buffalo",25,"80","0",904
"370",80,2013-06-10,2013-06-25,"ndvi.80","wildebeest",10,"80","0",904
"371",80,2013-06-10,2013-06-25,"ndvi.80","topi",22,"80","1",5
"372",80,2013-06-10,2013-06-25,"ndvi.80","gazelleThomsons",578,"80","1",5
"373",81,2013-06-26,2013-07-11,"ndvi.81","zebra",89,"81","1",3
"374",81,2013-06-26,2013-07-11,"ndvi.81","wildebeest",10,"81","0",1148
"375",81,2013-06-26,2013-07-11,"ndvi.81","hartebeest",40,"81","0",1148
"376",81,2013-06-26,2013-07-11,"ndvi.81","topi",21,"81","1",3
"377",81,2013-06-26,2013-07-11,"ndvi.81","buffalo",51,"81","0",1148
"378",81,2013-06-26,2013-07-11,"ndvi.81","gazelleThomsons",940,"81","1",3
"379",82,2013-07-12,2013-07-27,"ndvi.82","hartebeest",48,"82","0",885
"380",82,2013-07-12,2013-07-27,"ndvi.82","buffalo",56,"82","0",885
"381",82,2013-07-12,2013-07-27,"ndvi.82","wildebeest",16,"82","0",885
"382",82,2013-07-12,2013-07-27,"ndvi.82","zebra",48,"82","1",0
"383",82,2013-07-12,2013-07-27,"ndvi.82","topi",8,"82","1",0
"384",82,2013-07-12,2013-07-27,"ndvi.82","gazelleThomsons",709,"82","1",0
"385",83,2013-07-28,2013-08-12,"ndvi.83","wildebeest",11,"83","0",439
"386",83,2013-07-28,2013-08-12,"ndvi.83","hartebeest",23,"83","0",439
"387",83,2013-07-28,2013-08-12,"ndvi.83","topi",12,"83","1",3
"388",83,2013-07-28,2013-08-12,"ndvi.83","buffalo",48,"83","0",439
"389",83,2013-07-28,2013-08-12,"ndvi.83","zebra",40,"83","1",3
"390",83,2013-07-28,2013-08-12,"ndvi.83","gazelleThomsons",308,"83","1",3
"391",84,2013-08-13,2013-08-28,"ndvi.84","topi",20,"84","1",3
"392",84,2013-08-13,2013-08-28,"ndvi.84","hartebeest",80,"84","0",738
"393",84,2013-08-13,2013-08-28,"ndvi.84","wildebeest",11,"84","0",738
"394",84,2013-08-13,2013-08-28,"ndvi.84","gazelleThomsons",563,"84","1",3
"395",84,2013-08-13,2013-08-28,"ndvi.84","buffalo",36,"84","0",738
"396",84,2013-08-13,2013-08-28,"ndvi.84","zebra",31,"84","1",3
"397",85,2013-08-29,2013-09-12,"ndvi.85","hartebeest",63,"85","0",465
"398",85,2013-08-29,2013-09-12,"ndvi.85","buffalo",32,"85","0",465
"399",85,2013-08-29,2013-09-12,"ndvi.85","topi",22,"85","1",1
"400",85,2013-08-29,2013-09-12,"ndvi.85","gazelleThomsons",332,"85","1",1
"401",85,2013-08-29,2013-09-12,"ndvi.85","zebra",9,"85","1",1
"402",85,2013-08-29,2013-09-12,"ndvi.85","wildebeest",8,"85","0",465
"403",86,2013-09-13,2013-09-29,"ndvi.86","gazelleThomsons",540,"86","1",2
"404",86,2013-09-13,2013-09-29,"ndvi.86","buffalo",36,"86","0",856
"405",86,2013-09-13,2013-09-29,"ndvi.86","hartebeest",51,"86","0",856
"406",86,2013-09-13,2013-09-29,"ndvi.86","topi",22,"86","1",2
"407",86,2013-09-13,2013-09-29,"ndvi.86","zebra",196,"86","1",2
"408",86,2013-09-13,2013-09-29,"ndvi.86","wildebeest",13,"86","0",856
"409",87,2013-09-30,2013-10-15,"ndvi.87","gazelleThomsons",299,"87","1",30
"410",87,2013-09-30,2013-10-15,"ndvi.87","zebra",1151,"87","1",30
"411",87,2013-09-30,2013-10-15,"ndvi.87","buffalo",81,"87","0",1695
"412",87,2013-09-30,2013-10-15,"ndvi.87","wildebeest",107,"87","0",1695
"413",87,2013-09-30,2013-10-15,"ndvi.87","hartebeest",64,"87","0",1695
"414",87,2013-09-30,2013-10-15,"ndvi.87","topi",23,"87","1",30
"415",88,2013-10-16,2013-10-31,"ndvi.88","zebra",1127,"88","1",32
"416",88,2013-10-16,2013-10-31,"ndvi.88","wildebeest",101,"88","0",2249
"417",88,2013-10-16,2013-10-31,"ndvi.88","gazelleThomsons",878,"88","1",32
"418",88,2013-10-16,2013-10-31,"ndvi.88","topi",23,"88","1",32
"419",88,2013-10-16,2013-10-31,"ndvi.88","buffalo",56,"88","0",2249
"420",88,2013-10-16,2013-10-31,"ndvi.88","hartebeest",96,"88","0",2249
"421",89,2013-11-01,2013-11-16,"ndvi.89","zebra",612,"89","1",15
"422",89,2013-11-01,2013-11-16,"ndvi.89","gazelleThomsons",605,"89","1",15
"423",89,2013-11-01,2013-11-16,"ndvi.89","wildebeest",64,"89","0",1415
"424",89,2013-11-01,2013-11-16,"ndvi.89","buffalo",49,"89","0",1415
"425",89,2013-11-01,2013-11-16,"ndvi.89","topi",15,"89","1",15
"426",89,2013-11-01,2013-11-16,"ndvi.89","hartebeest",85,"89","0",1415
"427",90,2013-11-17,2013-12-02,"ndvi.90","zebra",474,"90","1",20
"428",90,2013-11-17,2013-12-02,"ndvi.90","buffalo",56,"90","0",1176
"429",90,2013-11-17,2013-12-02,"ndvi.90","wildebeest",51,"90","0",1176
"430",90,2013-11-17,2013-12-02,"ndvi.90","gazelleThomsons",488,"90","1",20
"431",90,2013-11-17,2013-12-02,"ndvi.90","topi",6,"90","1",20
"432",90,2013-11-17,2013-12-02,"ndvi.90","hartebeest",121,"90","0",1176
"433",91,2013-12-03,2013-12-18,"ndvi.91","gazelleThomsons",187,"91","1",17
"434",91,2013-12-03,2013-12-18,"ndvi.91","zebra",277,"91","1",17
"435",91,2013-12-03,2013-12-18,"ndvi.91","buffalo",62,"91","0",1420
"436",91,2013-12-03,2013-12-18,"ndvi.91","wildebeest",857,"91","0",1420
"437",91,2013-12-03,2013-12-18,"ndvi.91","topi",14,"91","1",17
"438",91,2013-12-03,2013-12-18,"ndvi.91","hartebeest",40,"91","0",1420
"439",92,2013-12-19,2013-12-31,"ndvi.92","zebra",183,"92","1",13
"440",92,2013-12-19,2013-12-31,"ndvi.92","wildebeest",269,"92","0",577
"441",92,2013-12-19,2013-12-31,"ndvi.92","gazelleThomsons",7,"92","1",13
"442",92,2013-12-19,2013-12-31,"ndvi.92","buffalo",78,"92","0",577
"443",92,2013-12-19,2013-12-31,"ndvi.92","topi",18,"92","1",13
"444",92,2013-12-19,2013-12-31,"ndvi.92","hartebeest",35,"92","0",577
"445",93,2014-01-01,2014-01-16,"ndvi.93","zebra",267,"93","1",27
"446",93,2014-01-01,2014-01-16,"ndvi.93","gazelleThomsons",5,"93","1",27
"447",93,2014-01-01,2014-01-16,"ndvi.93","wildebeest",296,"93","0",624
"448",93,2014-01-01,2014-01-16,"ndvi.93","buffalo",40,"93","0",624
"449",93,2014-01-01,2014-01-16,"ndvi.93","topi",18,"93","1",27
"450",93,2014-01-01,2014-01-16,"ndvi.93","hartebeest",25,"93","0",624
"451",94,2014-01-17,2014-02-01,"ndvi.94","zebra",120,"94","1",0
"452",94,2014-01-17,2014-02-01,"ndvi.94","buffalo",40,"94","0",234
"453",94,2014-01-17,2014-02-01,"ndvi.94","wildebeest",25,"94","0",234
"454",94,2014-01-17,2014-02-01,"ndvi.94","gazelleThomsons",2,"94","1",0
"455",94,2014-01-17,2014-02-01,"ndvi.94","topi",19,"94","1",0
"456",94,2014-01-17,2014-02-01,"ndvi.94","hartebeest",28,"94","0",234
"457",95,2014-02-02,2014-02-17,"ndvi.95","gazelleThomsons",12,"95","1",0
"458",95,2014-02-02,2014-02-17,"ndvi.95","zebra",152,"95","1",0
"459",95,2014-02-02,2014-02-17,"ndvi.95","buffalo",41,"95","0",272
"460",95,2014-02-02,2014-02-17,"ndvi.95","wildebeest",21,"95","0",272
"461",95,2014-02-02,2014-02-17,"ndvi.95","topi",19,"95","1",0
"462",95,2014-02-02,2014-02-17,"ndvi.95","hartebeest",27,"95","0",272
"463",96,2014-02-18,2014-03-05,"ndvi.96","zebra",475,"96","1",22
"464",96,2014-02-18,2014-03-05,"ndvi.96","wildebeest",266,"96","0",866
"465",96,2014-02-18,2014-03-05,"ndvi.96","gazelleThomsons",44,"96","1",22
"466",96,2014-02-18,2014-03-05,"ndvi.96","buffalo",34,"96","0",866
"467",96,2014-02-18,2014-03-05,"ndvi.96","topi",29,"96","1",22
"468",96,2014-02-18,2014-03-05,"ndvi.96","hartebeest",40,"96","0",866
"469",97,2014-03-06,2014-03-21,"ndvi.97","wildebeest",460,"97","0",1094
"470",97,2014-03-06,2014-03-21,"ndvi.97","gazelleThomsons",53,"97","1",39
"471",97,2014-03-06,2014-03-21,"ndvi.97","topi",22,"97","1",39
"472",97,2014-03-06,2014-03-21,"ndvi.97","buffalo",59,"97","0",1094
"473",97,2014-03-06,2014-03-21,"ndvi.97","zebra",481,"97","1",39
"474",97,2014-03-06,2014-03-21,"ndvi.97","hartebeest",58,"97","0",1094
"475",98,2014-03-22,2014-04-06,"ndvi.98","topi",24,"98","1",21
"476",98,2014-03-22,2014-04-06,"ndvi.98","hartebeest",47,"98","0",1329
"477",98,2014-03-22,2014-04-06,"ndvi.98","gazelleThomsons",37,"98","1",21
"478",98,2014-03-22,2014-04-06,"ndvi.98","buffalo",55,"98","0",1329
"479",98,2014-03-22,2014-04-06,"ndvi.98","zebra",786,"98","1",21
"480",98,2014-03-22,2014-04-06,"ndvi.98","wildebeest",401,"98","0",1329
"481",99,2014-04-07,2014-04-22,"ndvi.99","hartebeest",35,"99","0",1638
"482",99,2014-04-07,2014-04-22,"ndvi.99","gazelleThomsons",16,"99","1",59
"483",99,2014-04-07,2014-04-22,"ndvi.99","buffalo",34,"99","0",1638
"484",99,2014-04-07,2014-04-22,"ndvi.99","zebra",509,"99","1",59
"485",99,2014-04-07,2014-04-22,"ndvi.99","topi",7,"99","1",59
"486",99,2014-04-07,2014-04-22,"ndvi.99","wildebeest",1096,"99","0",1638
"487",100,2014-04-23,2014-05-08,"ndvi.100","hartebeest",30,"100","0",451
"488",100,2014-04-23,2014-05-08,"ndvi.100","gazelleThomsons",95,"100","1",2
"489",100,2014-04-23,2014-05-08,"ndvi.100","zebra",148,"100","1",2
"490",100,2014-04-23,2014-05-08,"ndvi.100","topi",13,"100","1",2
"491",100,2014-04-23,2014-05-08,"ndvi.100","buffalo",16,"100","0",451
"492",100,2014-04-23,2014-05-08,"ndvi.100","wildebeest",151,"100","0",451
"493",101,2014-05-09,2014-05-24,"ndvi.101","zebra",85,"101","1",1
"494",101,2014-05-09,2014-05-24,"ndvi.101","wildebeest",45,"101","0",872
"495",101,2014-05-09,2014-05-24,"ndvi.101","gazelleThomsons",645,"101","1",1
"496",101,2014-05-09,2014-05-24,"ndvi.101","topi",18,"101","1",1
"497",101,2014-05-09,2014-05-24,"ndvi.101","hartebeest",53,"101","0",872
"498",101,2014-05-09,2014-05-24,"ndvi.101","buffalo",27,"101","0",872
"499",102,2014-05-25,2014-06-09,"ndvi.102","gazelleThomsons",925,"102","1",3
"500",102,2014-05-25,2014-06-09,"ndvi.102","zebra",87,"102","1",3
"501",102,2014-05-25,2014-06-09,"ndvi.102","topi",7,"102","1",3
"502",102,2014-05-25,2014-06-09,"ndvi.102","buffalo",11,"102","0",1087
"503",102,2014-05-25,2014-06-09,"ndvi.102","wildebeest",29,"102","0",1087
"504",102,2014-05-25,2014-06-09,"ndvi.102","hartebeest",31,"102","0",1087
"505",103,2014-06-10,2014-06-25,"ndvi.103","zebra",594,"103","1",43
"506",103,2014-06-10,2014-06-25,"ndvi.103","gazelleThomsons",580,"103","1",43
"507",103,2014-06-10,2014-06-25,"ndvi.103","buffalo",13,"103","0",2121
"508",103,2014-06-10,2014-06-25,"ndvi.103","wildebeest",921,"103","0",2121
"509",103,2014-06-10,2014-06-25,"ndvi.103","topi",17,"103","1",43
"510",103,2014-06-10,2014-06-25,"ndvi.103","hartebeest",39,"103","0",2121
"511",104,2014-06-26,2014-07-11,"ndvi.104","gazelleThomsons",629,"104","1",20
"512",104,2014-06-26,2014-07-11,"ndvi.104","buffalo",24,"104","0",1141
"513",104,2014-06-26,2014-07-11,"ndvi.104","zebra",338,"104","1",20
"514",104,2014-06-26,2014-07-11,"ndvi.104","topi",13,"104","1",20
"515",104,2014-06-26,2014-07-11,"ndvi.104","wildebeest",125,"104","0",1141
"516",104,2014-06-26,2014-07-11,"ndvi.104","hartebeest",32,"104","0",1141
"517",105,2014-07-12,2014-07-27,"ndvi.105","gazelleThomsons",759,"105","1",18
"518",105,2014-07-12,2014-07-27,"ndvi.105","buffalo",37,"105","0",1171
"519",105,2014-07-12,2014-07-27,"ndvi.105","zebra",291,"105","1",18
"520",105,2014-07-12,2014-07-27,"ndvi.105","topi",24,"105","1",18
"521",105,2014-07-12,2014-07-27,"ndvi.105","wildebeest",31,"105","0",1171
"522",105,2014-07-12,2014-07-27,"ndvi.105","hartebeest",47,"105","0",1171
"523",106,2014-07-28,2014-08-12,"ndvi.106","gazelleThomsons",340,"106","1",3
"524",106,2014-07-28,2014-08-12,"ndvi.106","zebra",50,"106","1",3
"525",106,2014-07-28,2014-08-12,"ndvi.106","topi",5,"106","1",3
"526",106,2014-07-28,2014-08-12,"ndvi.106","buffalo",43,"106","0",473
"527",106,2014-07-28,2014-08-12,"ndvi.106","wildebeest",20,"106","0",473
"528",106,2014-07-28,2014-08-12,"ndvi.106","hartebeest",18,"106","0",473
"529",107,2014-08-13,2014-08-28,"ndvi.107","zebra",199,"107","1",9
"530",107,2014-08-13,2014-08-28,"ndvi.107","gazelleThomsons",627,"107","1",9
"531",107,2014-08-13,2014-08-28,"ndvi.107","buffalo",26,"107","0",905
"532",107,2014-08-13,2014-08-28,"ndvi.107","wildebeest",17,"107","0",905
"533",107,2014-08-13,2014-08-28,"ndvi.107","topi",13,"107","1",9
"534",107,2014-08-13,2014-08-28,"ndvi.107","hartebeest",32,"107","0",905
"535",108,2014-08-29,2014-09-13,"ndvi.108","gazelleThomsons",998,"108","1",26
"536",108,2014-08-29,2014-09-13,"ndvi.108","buffalo",50,"108","0",2130
"537",108,2014-08-29,2014-09-13,"ndvi.108","zebra",884,"108","1",26
"538",108,2014-08-29,2014-09-13,"ndvi.108","topi",27,"108","1",26
"539",108,2014-08-29,2014-09-13,"ndvi.108","wildebeest",156,"108","0",2130
"540",108,2014-08-29,2014-09-13,"ndvi.108","hartebeest",41,"108","0",2130
"541",109,2014-09-14,2014-09-29,"ndvi.109","gazelleThomsons",832,"109","1",71
"542",109,2014-09-14,2014-09-29,"ndvi.109","buffalo",74,"109","0",2829
"543",109,2014-09-14,2014-09-29,"ndvi.109","zebra",1367,"109","1",71
"544",109,2014-09-14,2014-09-29,"ndvi.109","topi",36,"109","1",71
"545",109,2014-09-14,2014-09-29,"ndvi.109","wildebeest",547,"109","0",2829
"546",109,2014-09-14,2014-09-29,"ndvi.109","hartebeest",44,"109","0",2829
"547",110,2014-09-30,2014-10-15,"ndvi.110","zebra",675,"110","1",55
"548",110,2014-09-30,2014-10-15,"ndvi.110","wildebeest",984,"110","0",2114
"549",110,2014-09-30,2014-10-15,"ndvi.110","gazelleThomsons",376,"110","1",55
"550",110,2014-09-30,2014-10-15,"ndvi.110","buffalo",45,"110","0",2114
"551",110,2014-09-30,2014-10-15,"ndvi.110","hartebeest",57,"110","0",2114
"552",110,2014-09-30,2014-10-15,"ndvi.110","topi",32,"110","1",55
"553",111,2014-10-16,2014-11-16,"ndvi.111","wildebeest",1556,"111","0",3410
"554",111,2014-10-16,2014-11-16,"ndvi.111","buffalo",86,"111","0",3410
"555",111,2014-10-16,2014-11-16,"ndvi.111","zebra",978,"111","1",84
"556",111,2014-10-16,2014-11-16,"ndvi.111","hartebeest",78,"111","0",3410
"557",111,2014-10-16,2014-11-16,"ndvi.111","gazelleThomsons",733,"111","1",84
"558",111,2014-10-16,2014-11-16,"ndvi.111","topi",63,"111","1",84
"559",112,2014-11-17,2014-12-02,"ndvi.112","hartebeest",40,"112","0",1320
"560",112,2014-11-17,2014-12-02,"ndvi.112","gazelleThomsons",555,"112","1",20
"561",112,2014-11-17,2014-12-02,"ndvi.112","zebra",415,"112","1",20
"562",112,2014-11-17,2014-12-02,"ndvi.112","topi",33,"112","1",20
"563",112,2014-11-17,2014-12-02,"ndvi.112","buffalo",52,"112","0",1320
"564",112,2014-11-17,2014-12-02,"ndvi.112","wildebeest",245,"112","0",1320
"565",113,2014-12-03,2014-12-18,"ndvi.113","hartebeest",91,"113","0",1744
"566",113,2014-12-03,2014-12-18,"ndvi.113","gazelleThomsons",145,"113","1",53
"567",113,2014-12-03,2014-12-18,"ndvi.113","topi",32,"113","1",53
"568",113,2014-12-03,2014-12-18,"ndvi.113","buffalo",90,"113","0",1744
"569",113,2014-12-03,2014-12-18,"ndvi.113","zebra",970,"113","1",53
"570",113,2014-12-03,2014-12-18,"ndvi.113","wildebeest",469,"113","0",1744
"571",114,2014-12-19,2014-12-31,"ndvi.114","zebra",328,"114","1",8
"572",114,2014-12-19,2014-12-31,"ndvi.114","gazelleThomsons",112,"114","1",8
"573",114,2014-12-19,2014-12-31,"ndvi.114","wildebeest",100,"114","0",641
"574",114,2014-12-19,2014-12-31,"ndvi.114","hartebeest",43,"114","0",641
"575",114,2014-12-19,2014-12-31,"ndvi.114","buffalo",43,"114","0",641
"576",114,2014-12-19,2014-12-31,"ndvi.114","topi",23,"114","1",8
"577",115,2015-01-01,2015-01-16,"ndvi.115","zebra",512,"115","1",27
"578",115,2015-01-01,2015-01-16,"ndvi.115","topi",19,"115","1",27
"579",115,2015-01-01,2015-01-16,"ndvi.115","hartebeest",40,"115","0",869
"580",115,2015-01-01,2015-01-16,"ndvi.115","gazelleThomsons",41,"115","1",27
"581",115,2015-01-01,2015-01-16,"ndvi.115","buffalo",53,"115","0",869
"582",115,2015-01-01,2015-01-16,"ndvi.115","wildebeest",231,"115","0",869
"583",116,2015-01-17,2015-02-01,"ndvi.116","zebra",32,"116","1",1
"584",116,2015-01-17,2015-02-01,"ndvi.116","hartebeest",43,"116","0",190
"585",116,2015-01-17,2015-02-01,"ndvi.116","topi",16,"116","1",1
"586",116,2015-01-17,2015-02-01,"ndvi.116","gazelleThomsons",19,"116","1",1
"587",116,2015-01-17,2015-02-01,"ndvi.116","buffalo",55,"116","0",190
"588",116,2015-01-17,2015-02-01,"ndvi.116","wildebeest",26,"116","0",190
"589",117,2015-02-02,2015-02-17,"ndvi.117","zebra",149,"117","1",4
"590",117,2015-02-02,2015-02-17,"ndvi.117","topi",28,"117","1",4
"591",117,2015-02-02,2015-02-17,"ndvi.117","gazelleThomsons",337,"117","1",4
"592",117,2015-02-02,2015-02-17,"ndvi.117","buffalo",44,"117","0",670
"593",117,2015-02-02,2015-02-17,"ndvi.117","hartebeest",63,"117","0",670
"594",117,2015-02-02,2015-02-17,"ndvi.117","wildebeest",53,"117","0",670
"595",118,2015-02-18,2015-03-05,"ndvi.118","zebra",517,"118","1",35
"596",118,2015-02-18,2015-03-05,"ndvi.118","topi",26,"118","1",35
"597",118,2015-02-18,2015-03-05,"ndvi.118","gazelleThomsons",190,"118","1",35
"598",118,2015-02-18,2015-03-05,"ndvi.118","hartebeest",43,"118","0",1234
"599",118,2015-02-18,2015-03-05,"ndvi.118","buffalo",53,"118","0",1234
"600",118,2015-02-18,2015-03-05,"ndvi.118","wildebeest",440,"118","0",1234
"601",119,2015-03-06,2015-03-21,"ndvi.119","zebra",560,"119","1",61
"602",119,2015-03-06,2015-03-21,"ndvi.119","topi",7,"119","1",61
"603",119,2015-03-06,2015-03-21,"ndvi.119","hartebeest",56,"119","0",1714
"604",119,2015-03-06,2015-03-21,"ndvi.119","gazelleThomsons",463,"119","1",61
"605",119,2015-03-06,2015-03-21,"ndvi.119","buffalo",85,"119","0",1714
"606",119,2015-03-06,2015-03-21,"ndvi.119","wildebeest",604,"119","0",1714
"607",120,2015-03-22,2015-04-06,"ndvi.120","zebra",221,"120","1",17
"608",120,2015-03-22,2015-04-06,"ndvi.120","hartebeest",20,"120","0",1080
"609",120,2015-03-22,2015-04-06,"ndvi.120","topi",10,"120","1",17
"610",120,2015-03-22,2015-04-06,"ndvi.120","gazelleThomsons",617,"120","1",17
"611",120,2015-03-22,2015-04-06,"ndvi.120","buffalo",85,"120","0",1080
"612",120,2015-03-22,2015-04-06,"ndvi.120","wildebeest",144,"120","0",1080
"613",121,2015-04-07,2015-04-22,"ndvi.121","zebra",225,"121","1",30
"614",121,2015-04-07,2015-04-22,"ndvi.121","topi",18,"121","1",30
"615",121,2015-04-07,2015-04-22,"ndvi.121","gazelleThomsons",43,"121","1",30
"616",121,2015-04-07,2015-04-22,"ndvi.121","buffalo",63,"121","0",1098
"617",121,2015-04-07,2015-04-22,"ndvi.121","hartebeest",31,"121","0",1098
"618",121,2015-04-07,2015-04-22,"ndvi.121","wildebeest",748,"121","0",1098
"619",122,2015-04-23,2015-05-08,"ndvi.122","zebra",330,"122","1",40
"620",122,2015-04-23,2015-05-08,"ndvi.122","topi",14,"122","1",40
"621",122,2015-04-23,2015-05-08,"ndvi.122","gazelleThomsons",20,"122","1",40
"622",122,2015-04-23,2015-05-08,"ndvi.122","hartebeest",68,"122","0",928
"623",122,2015-04-23,2015-05-08,"ndvi.122","buffalo",65,"122","0",928
"624",122,2015-04-23,2015-05-08,"ndvi.122","wildebeest",471,"122","0",928
"625",123,2015-05-09,2015-05-24,"ndvi.123","zebra",278,"123","1",15
"626",123,2015-05-09,2015-05-24,"ndvi.123","topi",7,"123","1",15
"627",123,2015-05-09,2015-05-24,"ndvi.123","hartebeest",20,"123","0",688
"628",123,2015-05-09,2015-05-24,"ndvi.123","gazelleThomsons",30,"123","1",15
"629",123,2015-05-09,2015-05-24,"ndvi.123","buffalo",51,"123","0",688
"630",123,2015-05-09,2015-05-24,"ndvi.123","wildebeest",317,"123","0",688
"631",124,2015-05-25,2015-06-09,"ndvi.124","hartebeest",17,"124","0",647
"632",124,2015-05-25,2015-06-09,"ndvi.124","wildebeest",245,"124","0",647
"633",124,2015-05-25,2015-06-09,"ndvi.124","topi",14,"124","1",22
"634",124,2015-05-25,2015-06-09,"ndvi.124","zebra",291,"124","1",22
"635",124,2015-05-25,2015-06-09,"ndvi.124","buffalo",28,"124","0",647
"636",124,2015-05-25,2015-06-09,"ndvi.124","gazelleThomsons",74,"124","1",22
"637",125,2015-06-10,2015-06-25,"ndvi.125","buffalo",4,"125","0",868
"638",125,2015-06-10,2015-06-25,"ndvi.125","wildebeest",590,"125","0",868
"639",125,2015-06-10,2015-06-25,"ndvi.125","hartebeest",3,"125","0",868
"640",125,2015-06-10,2015-06-25,"ndvi.125","topi",0,"125","1",25
"641",125,2015-06-10,2015-06-25,"ndvi.125","gazelleThomsons",32,"125","1",25
"642",125,2015-06-10,2015-06-25,"ndvi.125","zebra",264,"125","1",25
"643",126,2015-06-26,2015-07-11,"ndvi.126","wildebeest",12,"126","0",95
"644",126,2015-06-26,2015-07-11,"ndvi.126","topi",0,"126","1",2
"645",126,2015-06-26,2015-07-11,"ndvi.126","gazelleThomsons",57,"126","1",2
"646",126,2015-06-26,2015-07-11,"ndvi.126","buffalo",1,"126","0",95
"647",126,2015-06-26,2015-07-11,"ndvi.126","hartebeest",1,"126","0",95
"648",126,2015-06-26,2015-07-11,"ndvi.126","zebra",26,"126","1",2
